Feature,Importance,Label
FILE:OPENED:c:\window...\en-us\netmsg.dll.mui,0.06877349323671532,TA0001:T1078
SIGNATURE:has_authenticode,0.038483323921541676,TA0001:T1078
SYSTEM:DLL_LOADED:mpr.dll,0.036724936218025625,TA0001:T1078
SYSTEM:DLL_LOADED:version.dll,0.024977597032224623,TA0001:T1078
REG:READ:HKEY_LOCAL_M...rol\CMF\Config\SYSTEM,0.02301461401395447,TA0001:T1078
STRING:.reloc,0.046803918655927576,TA0001:T1091
SIGNATURE:network_icmp,0.025396392154321778,TA0001:T1091
API:GetDiskFreeSpaceExW,0.02153591526616447,TA0001:T1091
SIGNATURE:antivm_disk_size,0.018831006497419058,TA0001:T1091
SYSTEM:DLL_LOADED:crypt32.dll,0.017899308133150008,TA0001:T1091
STRING:pp9e u:ppvwp,0.09093012351091422,TA0001:T1133
SYSTEM:DLL_LOADED:dwmapi.dll,0.05290635335201372,TA0001:T1133
STRING:getmodulefilenamew,0.044539247329561715,TA0001:T1133
SIGNATURE:dead_host,0.039965575841114355,TA0001:T1133
STRING:findfirstfileexa,0.038767026110630085,TA0001:T1133
SYSTEM:DLL_LOADED:advapi32.dll,0.1370759299513628,TA0001:T1190
STRING:pp9e u:ppvwp,0.05902648028012475,TA0001:T1190
SIGNATURE:dead_host,0.04321824584250518,TA0001:T1190
SYSTEM:DLL_LOADED:dwmapi.dll,0.03288146618804623,TA0001:T1190
STRING:getmodulefilenamew,0.030479514813920774,TA0001:T1190
"STRING:<?xml version=...8"" standalone=""yes""?>",0.0549748332239358,TA0001:T1566
STRING:createdirectorya,0.03130871548286929,TA0001:T1566
API:NtDelayExecution,0.0266240588821929,TA0001:T1566
STRING:getcurrentprocessid,0.023675725187664372,TA0001:T1566
REG:READ:HKEY_LOCAL_M...dows\LoadAppInit_DLLs,0.01880334794541034,TA0001:T1566
"STRING:<?xml version=...8"" standalone=""yes""?>",0.10404492854918924,TA0001:T1566.002
API:CreateDirectoryW,0.06913499206203352,TA0001:T1566.002
API:NtDelayExecution,0.0633095902818273,TA0001:T1566.002
API:GetSystemWindowsDirectoryW,0.05541310349709159,TA0001:T1566.002
API:NtSetInformationFile,0.05179301873197319,TA0001:T1566.002
SIGNATURE:antivm_disk_size,0.018111361690609624,TA0002:T1047
API:OpenServiceW,0.017805483176739977,TA0002:T1047
SIGNATURE:dead_host,0.015321285084461098,TA0002:T1047
API:CreateToolhelp32Snapshot,0.014493562937118218,TA0002:T1047
REG:READ:HKEY_LOCAL_M...rsion\ProgramFilesDir,0.01386364344989254,TA0002:T1047
SYSTEM:DLL_LOADED:sspicli.dll,0.029426985498257063,TA0002:T1053
STRING:openmutexw,0.017027370634153258,TA0002:T1053
STRING:iphlpapi.dll,0.01698622951811889,TA0002:T1053
STRING:getlogicaldrives,0.015796942017984286,TA0002:T1053
FILE:RECREATED:\??\nsi,0.013525411786550302,TA0002:T1053
STRING:getlogicaldrives,0.045840625041657035,TA0002:T1053.002
STRING:wuser32.dll,0.0398162981753191,TA0002:T1053.002
STRING:cmd.exe,0.03831024481370398,TA0002:T1053.002
SIGNATURE:console_output,0.0347307103499211,TA0002:T1053.002
STRING:getexitcodeprocess,0.03282417181933745,TA0002:T1053.002
STRING:getlogicaldrives,0.03967648984127157,TA0002:T1053.005
SYSTEM:DLL_LOADED:sspicli.dll,0.034448023265517644,TA0002:T1053.005
STRING:</html>,0.03221699647345751,TA0002:T1053.005
STRING:9c`u99c\t4,0.031221076116091456,TA0002:T1053.005
STRING:findfirstfileexw,0.02049955036967674,TA0002:T1053.005
DIRECTORY:ENUMERATED:...ents and settings\*.*,0.015465243828398536,TA0002:T1059
STRING:this program must be run under win32,0.014155209498926749,TA0002:T1059
DIRECTORY:ENUMERATED:c:\perflogs\*.*,0.013755646899082602,TA0002:T1059
STRING:findfirstfileexa,0.013658163859905119,TA0002:T1059
STRING:findfirstfilea,0.013444094257005844,TA0002:T1059
REG:READ:HKEY_CURRENT...r\NoRecentDocsHistory,0.024164188487713234,TA0002:T1059.001
SYSTEM:DLL_LOADED:c:\...ws\system32\imm32.dll,0.018344556150547364,TA0002:T1059.001
REG:READ:HKEY_LOCAL_M...entVersion\DevicePath,0.017251450592792095,TA0002:T1059.001
FILE:EXISTS:c:\progra...s\start menu\programs,0.01707317020598267,TA0002:T1059.001
API:NtWriteFile,0.016825334992707178,TA0002:T1059.001
STRING:dosdatetimetofiletime,0.021907182495701946,TA0002:T1059.003
STRING:- abort() has been called,0.017263297602621023,TA0002:T1059.003
REG:READ:HKEY_CURRENT...ssor\EnableExtensions,0.01576721570107368,TA0002:T1059.003
STRING:createwindowexa,0.01418641441833554,TA0002:T1059.003
SIGNATURE:network_icmp,0.01410320652453204,TA0002:T1059.003
STRING:setcurrentdirectorya,0.014982444423085273,TA0002:T1064
API:NtSetContextThread,0.013125579452737159,TA0002:T1064
REG:READ:HKEY_CURRENT...ssor\EnableExtensions,0.01156466333336685,TA0002:T1064
STRING:remove,0.009346866355550298,TA0002:T1064
REG:READ:HKEY_CURRENT...or\PathCompletionChar,0.00904237164645453,TA0002:T1064
SIGNATURE:network_icmp,0.018396382004693946,TA0002:T1106
API:WriteConsoleW,0.01326477610181183,TA0002:T1106
SIGNATURE:console_output,0.011143827578513352,TA0002:T1106
API:CoUninitialize,0.010961158961553051,TA0002:T1106
STRING:.reloc,0.010944707171068841,TA0002:T1106
STRING:entercriticalsection,0.023150310262820408,TA0002:T1129
"STRING:<?xml version=...8"" standalone=""yes""?>",0.022335807069235054,TA0002:T1129
STRING:leavecriticalsection,0.02228394525083302,TA0002:T1129
STRING:`.rsrc,0.021402960392785046,TA0002:T1129
SIGNATURE:origin_langid,0.01939346425328442,TA0002:T1129
SYSTEM:DLL_LOADED:mpr.dll,0.05977525129204071,TA0002:T1203
"STRING:<?xml version=...8"" standalone=""yes""?>",0.04315078163915923,TA0002:T1203
API:GetFileAttributesExW,0.03256621323330187,TA0002:T1203
API:GetFileInformationByHandle,0.022547148896432605,TA0002:T1203
STRING:delete,0.020966507759199355,TA0002:T1203
"STRING:<?xml version=...8"" standalone=""yes""?>",0.059266781095636815,TA0002:T1204
STRING:delete,0.056817471502041896,TA0002:T1204
STRING:writeconsolew,0.047983379659582395,TA0002:T1204
STRING:.reloc,0.04668086542938808,TA0002:T1204
SIGNATURE:dead_host,0.02370319903478679,TA0002:T1204
"STRING:<?xml version=...8"" standalone=""yes""?>",0.08510570176578355,TA0002:T1204.002
STRING:.reloc,0.05293620896249254,TA0002:T1204.002
STRING:delete,0.0428960952323104,TA0002:T1204.002
STRING:writeconsolew,0.03948387730049432,TA0002:T1204.002
SYSTEM:DLL_LOADED:c:\...\system32\uxtheme.dll,0.025810145198772894,TA0002:T1204.002
SIGNATURE:network_icmp,0.01953754450501413,TA0002:T1559
API:CoUninitialize,0.015612051818461264,TA0002:T1559
FILE:EXISTS:c:\progra...s\start menu\programs,0.011314363137574666,TA0002:T1559
SIGNATURE:persistence_autorun,0.009520828709435682,TA0002:T1559
SIGNATURE:dead_host,0.009381660819895478,TA0002:T1559
SIGNATURE:network_icmp,0.020406432308889097,TA0002:T1559.001
FILE:EXISTS:c:\progra...s\start menu\programs,0.011943105822796889,TA0002:T1559.001
API:CoUninitialize,0.011756896789790066,TA0002:T1559.001
SIGNATURE:has_authenticode,0.01131493857735516,TA0002:T1559.001
API:WriteConsoleW,0.011126584821483487,TA0002:T1559.001
STRING:setservicestatus,0.024730608128384724,TA0002:T1569
STRING:ntdll.dll,0.01205989785166138,TA0002:T1569
STRING:createdirectoryw,0.011893164937522769,TA0002:T1569
STRING:shellexecutea,0.01104886243298958,TA0002:T1569
STRING:loadresource,0.010242989225695807,TA0002:T1569
STRING:setservicestatus,0.024112849465975427,TA0002:T1569.002
STRING:getexitcodeprocess,0.0149828606973101,TA0002:T1569.002
STRING:ntdll.dll,0.01238453906487527,TA0002:T1569.002
STRING:shellexecutea,0.011496285819224204,TA0002:T1569.002
SIGNATURE:console_output,0.011068446442236392,TA0002:T1569.002
SIGNATURE:network_icmp,0.0408350830517808,TA0003:T1037
SYSTEM:GUID:{000214f9...00-c000-000000000046},0.015296415523092771,TA0003:T1037
SYSTEM:DLL_LOADED:mpr.dll,0.015062091655800667,TA0003:T1037
DROP:EXTENSION:dat,0.012624803362552459,TA0003:T1037
API:RegDeleteKeyW,0.012621424615308394,TA0003:T1037
SIGNATURE:network_icmp,0.040445267427314704,TA0003:T1037.005
SYSTEM:GUID:{000214f9...00-c000-000000000046},0.022884114740476802,TA0003:T1037.005
SYSTEM:DLL_LOADED:mpr.dll,0.017591170533429564,TA0003:T1037.005
REG:READ:HKEY_LOCAL_M...rol\CMF\Config\SYSTEM,0.01627774862717708,TA0003:T1037.005
REG:READ:HKEY_CURRENT...ies\Explorer\NoDrives,0.012040086475363601,TA0003:T1037.005
SYSTEM:DLL_LOADED:sspicli.dll,0.03699275116749718,TA0003:T1053
STRING:iphlpapi.dll,0.015925612958500063,TA0003:T1053
STRING:getlogicaldrives,0.015661822922327946,TA0003:T1053
STRING:</html>,0.015545622618957346,TA0003:T1053
STRING:openmutexw,0.013821004446784713,TA0003:T1053
DROP:TYPE:ascii_text,0.0492603534120747,TA0003:T1053.002
STRING:getlogicaldrives,0.046774532631182565,TA0003:T1053.002
STRING:iswindowenabled,0.04148645762112591,TA0003:T1053.002
STRING:wuser32.dll,0.029908889001827706,TA0003:T1053.002
STRING:regclosekey,0.027995849112879893,TA0003:T1053.002
SYSTEM:DLL_LOADED:sspicli.dll,0.054814075047408956,TA0003:T1053.005
STRING:ssvwh ,0.03378666663901032,TA0003:T1053.005
STRING:9c`u99c\t4,0.03292459961380583,TA0003:T1053.005
STRING:</html>,0.028759205774467774,TA0003:T1053.005
STRING:qqswj0j@,0.02773850282661032,TA0003:T1053.005
FILE:OPENED:c:\window...\en-us\netmsg.dll.mui,0.08442812182730498,TA0003:T1078
STRING:iphlpapi.dll,0.055778451426707024,TA0003:T1078
SIGNATURE:has_authenticode,0.04647816439351513,TA0003:T1078
SYSTEM:DLL_LOADED:version.dll,0.028305131039102257,TA0003:T1078
"STRING:  <trustinfo x...icrosoft-com:asm.v3"">",0.025241009824573633,TA0003:T1078
FILE:OPENED:c:\window...\en-us\netmsg.dll.mui,0.07777030339211724,TA0003:T1098
STRING:removedirectorya,0.05050038286024406,TA0003:T1098
STRING:ntdll.dll,0.045404211994810456,TA0003:T1098
SYSTEM:DLL_LOADED:crypt32.dll,0.04251042510664467,TA0003:T1098
SYSTEM:DLL_LOADED:version.dll,0.03976547364184852,TA0003:T1098
SYSTEM:DLL_LOADED:dwmapi.dll,0.06532370293470811,TA0003:T1133
STRING:pp9e u:ppvwp,0.04449159651613709,TA0003:T1133
SIGNATURE:dead_host,0.03908899622842272,TA0003:T1133
SYSTEM:DLL_LOADED:c:\...\system32\uxtheme.dll,0.03283236597673697,TA0003:T1133
STRING:wwwpws,0.03159160161284263,TA0003:T1133
DROP:TYPE:empty,0.04433331221146823,TA0003:T1176
STRING:special,0.03746591305292888,TA0003:T1176
STRING:wow64disablewow64fsredirection,0.027515696024842055,TA0003:T1176
DROP:EXTENSION:log,0.02734370124614972,TA0003:T1176
STRING:ntdll.dll,0.025307826601108818,TA0003:T1176
STRING:lookup,0.06823746116556736,TA0003:T1197
SIGNATURE:has_authenticode,0.0580408521188872,TA0003:T1197
STRING:context,0.05527208065167535,TA0003:T1197
REG:READ:HKEY_CURRENT...ssor\EnableExtensions,0.04008819163873075,TA0003:T1197
SIGNATURE:network_icmp,0.03963511467110195,TA0003:T1197
STRING:varfileinfo,0.016805301117234214,TA0003:T1542
STRING:9c`u99c\t4,0.016687208828045464,TA0003:T1542
SIGNATURE:packer_entropy,0.01631436213818842,TA0003:T1542
STRING:fileversion,0.015912303792689514,TA0003:T1542
STRING:lstrlena,0.015595668828511036,TA0003:T1542
STRING:fileversion,0.06054599007522466,TA0003:T1542.001
STRING:lstrlena,0.05553744015558329,TA0003:T1542.001
STRING:9c`u99c\t4,0.04664494445657519,TA0003:T1542.001
STRING:stringfileinfo,0.04280772545003185,TA0003:T1542.001
STRING:internalname,0.03753590245743508,TA0003:T1542.001
STRING:delete,0.01942949073967534,TA0003:T1542.003
API:NtQueryDirectoryFile,0.017490040546522683,TA0003:T1542.003
DROP:TYPE:empty,0.017389160989002304,TA0003:T1542.003
FILE:EXISTS:c:\progra...s\start menu\programs,0.015999483745676765,TA0003:T1542.003
STRING:special,0.013577887615863584,TA0003:T1542.003
STRING:setservicestatus,0.021325857073357053,TA0003:T1543
API:OpenSCManagerW,0.012299068594660718,TA0003:T1543
STRING:getexitcodeprocess,0.011159667101571492,TA0003:T1543
SIGNATURE:console_output,0.009450892326023958,TA0003:T1543
STRING:shellexecutea,0.009146675140270922,TA0003:T1543
STRING:getmodulefilenamew,0.07021749468071255,TA0003:T1543.002
"DROP:TYPE:ascii_text,...crlf_line_terminators",0.06083034247051525,TA0003:T1543.002
STRING:.reloc,0.0594708480742641,TA0003:T1543.002
STRING:findfirstfileexa,0.055476529048085116,TA0003:T1543.002
DROP:EXTENSION:log,0.035991178236460704,TA0003:T1543.002
STRING:setservicestatus,0.016648755081709793,TA0003:T1543.003
STRING:getexitcodeprocess,0.010858658287027118,TA0003:T1543.003
STRING:setfiletime,0.009639633432879465,TA0003:T1543.003
STRING:ntdll.dll,0.009599251253916447,TA0003:T1543.003
SIGNATURE:packer_entropy,0.009497165452666628,TA0003:T1543.003
API:DeviceIoControl,0.05138746757413558,TA0003:T1546
API:GetSystemWindowsDirectoryW,0.04742058872411193,TA0003:T1546
SYSTEM:DLL_LOADED:c:\...c71ed437a\gdiplus.dll,0.029611400954288217,TA0003:T1546
REG:READ:HKEY_CURRENT...d\UseDoubleClickTimer,0.023082413430267665,TA0003:T1546
API:NtDelayExecution,0.022651462156066525,TA0003:T1546
API:DeviceIoControl,0.05513012449221906,TA0003:T1546.001
API:GetSystemWindowsDirectoryW,0.0424792017260877,TA0003:T1546.001
SYSTEM:DLL_LOADED:msls31.dll,0.02150633099158269,TA0003:T1546.001
SYSTEM:DLL_LOADED:dwmapi.dll,0.021102237237183026,TA0003:T1546.001
REG:READ:HKEY_CURRENT...d\UseDoubleClickTimer,0.020723559081865586,TA0003:T1546.001
SIGNATURE:persistence_autorun,0.01592700744438203,TA0003:T1547
SIGNATURE:injection_modifies_memory,0.012155699385800463,TA0003:T1547
FILE:OPENED:\\?\pipe\wkssvc,0.011974785183774206,TA0003:T1547
API:RegSetValueExW,0.011134889897910517,TA0003:T1547
SIGNATURE:network_icmp,0.010734586102765058,TA0003:T1547
SIGNATURE:persistence_autorun,0.017009916179645312,TA0003:T1547.001
FILE:OPENED:\\?\pipe\wkssvc,0.016036656587108247,TA0003:T1547.001
FILE:READ:\\?\pipe\wkssvc,0.013809571650255622,TA0003:T1547.001
FILE:WRITTEN:\\?\pipe\wkssvc,0.013633667452119323,TA0003:T1547.001
SIGNATURE:injection_modifies_memory,0.013075044201158235,TA0003:T1547.001
STRING:pp9e u:ppvwp,0.05943969121784501,TA0003:T1547.004
SYSTEM:DLL_LOADED:advapi32,0.040153757865766956,TA0003:T1547.004
SYSTEM:DLL_LOADED:version.dll,0.035073336939767996,TA0003:T1547.004
STRING:9c`u99c\t4,0.03428303629337636,TA0003:T1547.004
STRING:wwwpws,0.031008953815852953,TA0003:T1547.004
REG:READ:HKEY_CURRENT...d\UseDoubleClickTimer,0.07254750948205908,TA0003:T1547.006
"STRING:<?xml version=...8"" standalone=""yes""?>",0.05309861123529995,TA0003:T1547.006
REG:READ:HKEY_LOCAL_M...dows\LoadAppInit_DLLs,0.03479529391878132,TA0003:T1547.006
SYSTEM:DLL_LOADED:c:\...ws\system32\ole32.dll,0.029449433681838978,TA0003:T1547.006
STRING:internalname,0.028603456001846106,TA0003:T1547.006
SIGNATURE:network_icmp,0.020479002831571235,TA0003:T1547.008
SIGNATURE:dead_host,0.018486320357442142,TA0003:T1547.008
STRING:locale,0.018422386097072883,TA0003:T1547.008
STRING:concat,0.016012605732561514,TA0003:T1547.008
STRING:getcurrentprocessid,0.01586026812955653,TA0003:T1547.008
DIRECTORY:CREATED:c:\users,0.04714496032554969,TA0003:T1547.009
DIRECTORY:CREATED:c:\...administrator\appdata,0.037685667409881975,TA0003:T1547.009
DROP:EXTENSION:dll,0.034089240476143506,TA0003:T1547.009
DIRECTORY:CREATED:c:\users\administrator,0.029859642870812757,TA0003:T1547.009
FILE:EXISTS:c:\users,0.0277351346160767,TA0003:T1547.009
SIGNATURE:network_icmp,0.020076565141792,TA0003:T1574
STRING:findfirstfileexw,0.013390974002122174,TA0003:T1574
STRING:user32,0.011182920244657318,TA0003:T1574
SIGNATURE:dead_host,0.010132719495797365,TA0003:T1574
STRING:readfile,0.009483273201480753,TA0003:T1574
SYSTEM:GUID:{ea1afb91...86-90e9-9e9f8a5eefaf},0.05241630568581445,TA0003:T1574.001
STRING:locale,0.04352212402399932,TA0003:T1574.001
STRING:`.itext,0.03819454547329804,TA0003:T1574.001
STRING:</application>,0.0318840979913156,TA0003:T1574.001
"DROP:TYPE:little-endi...,_cr_line_terminators",0.03181020317047884,TA0003:T1574.001
SIGNATURE:network_icmp,0.022012359282589523,TA0003:T1574.002
STRING:findfirstfileexw,0.019267779271833624,TA0003:T1574.002
STRING:readfile,0.012654854084100924,TA0003:T1574.002
SIGNATURE:dead_host,0.012643603799616902,TA0003:T1574.002
SIGNATURE:packer_entropy,0.009448388721754292,TA0003:T1574.002
SYSTEM:DLL_LOADED:advapi32,0.023805981687723524,TA0003:T1574.010
STRING:setservicestatus,0.02174650170248666,TA0003:T1574.010
STRING:wwwwwx,0.02060429024937306,TA0003:T1574.010
SIGNATURE:has_authenticode,0.016659746583259596,TA0003:T1574.010
REG:OPENED:HKEY_LOCAL...trolSet\Services\LDAP,0.01634407200204918,TA0003:T1574.010
SIGNATURE:network_icmp,0.035758760512999685,TA0004:T1037
API:RegDeleteKeyW,0.016443781705839586,TA0004:T1037
SYSTEM:GUID:{000214f9...00-c000-000000000046},0.014476252171178736,TA0004:T1037
SYSTEM:DLL_LOADED:mpr.dll,0.013277861647392553,TA0004:T1037
REG:READ:HKEY_LOCAL_M...ersion\CommonFilesDir,0.013037193535563874,TA0004:T1037
SIGNATURE:network_icmp,0.03744032821889692,TA0004:T1037.005
REG:READ:HKEY_LOCAL_M...ersion\CommonFilesDir,0.014827178337623793,TA0004:T1037.005
REG:READ:HKEY_LOCAL_M...rol\CMF\Config\SYSTEM,0.01098725155475363,TA0004:T1037.005
API:RegDeleteKeyW,0.010736668336004276,TA0004:T1037.005
REG:OPENED:HKEY_LOCAL...p6\Parameters\Winsock,0.010685004379362727,TA0004:T1037.005
SYSTEM:DLL_LOADED:sspicli.dll,0.037189827855075165,TA0004:T1053
STRING:iphlpapi.dll,0.01798342359218892,TA0004:T1053
STRING:openmutexw,0.014592669404445533,TA0004:T1053
STRING:getlogicaldrives,0.014047284682970583,TA0004:T1053
API:RegDeleteKeyW,0.013632578033308466,TA0004:T1053
DROP:TYPE:ascii_text,0.048201435563514056,TA0004:T1053.002
STRING:getlogicaldrives,0.03642106337813832,TA0004:T1053.002
STRING:wuser32.dll,0.033863432045772315,TA0004:T1053.002
REG:READ:HKEY_LOCAL_M...F\EnableAnchorContext,0.03283187051340195,TA0004:T1053.002
STRING:regsetvalueexa,0.029299701353848167,TA0004:T1053.002
STRING:</html>,0.04872308921882342,TA0004:T1053.005
SYSTEM:DLL_LOADED:sspicli.dll,0.04230989343712873,TA0004:T1053.005
STRING:qqswj0j@,0.03363721110521861,TA0004:T1053.005
API:RegDeleteKeyW,0.0240941171908752,TA0004:T1053.005
SYSTEM:DLL_LOADED:version.dll,0.023796924952009104,TA0004:T1053.005
STRING:.reloc,0.01303352677831318,TA0004:T1055
SIGNATURE:network_icmp,0.012634811801840643,TA0004:T1055
API:GetSystemWindowsDirectoryW,0.01198324531937845,TA0004:T1055
SIGNATURE:dead_host,0.010559478559247824,TA0004:T1055
SIGNATURE:packer_entropy,0.0098119350418222,TA0004:T1055
SIGNATURE:network_http,0.06561759866426806,TA0004:T1055.002
DROP:TYPE:ascii_text,0.055172967016801404,TA0004:T1055.002
API:GetFileAttributesExW,0.04080578548012899,TA0004:T1055.002
REG:READ:HKEY_LOCAL_M...-500\ProfileImagePath,0.04066539471000922,TA0004:T1055.002
REG:READ:HKEY_LOCAL_M...Reporting\WMR\Disable,0.036991369753822174,TA0004:T1055.002
STRING:uvwatauavawh,0.05081644210685964,TA0004:T1055.003
STRING:a_a^a]a\_,0.04671239113292884,TA0004:T1055.003
STRING:lca<e3,0.04467520368079432,TA0004:T1055.003
STRING:findfirstfileexa,0.040929329190107035,TA0004:T1055.003
STRING:a_a^a]a\_^],0.034342287841572616,TA0004:T1055.003
STRING:control,0.035850919021146926,TA0004:T1055.004
API:ioctlsocket,0.02564248393570414,TA0004:T1055.004
STRING:ienumerator,0.024832708191080344,TA0004:T1055.004
STRING:getfiles,0.02321255658453239,TA0004:T1055.004
SYSTEM:DLL_LOADED:c:\...s\system32\wship6.dll,0.02068503733572582,TA0004:T1055.004
DROP:TYPE:empty,0.06657172508832467,TA0004:T1055.011
"STRING:<?xml version=...8"" standalone=""yes""?>",0.05181150437345651,TA0004:T1055.011
STRING:shlwapi.dll,0.04536278116254469,TA0004:T1055.011
STRING:!this program ...t be run in dos mode.,0.03787473887696021,TA0004:T1055.011
STRING:delete,0.027641221675971463,TA0004:T1055.011
STRING:getfiles,0.06208488325422616,TA0004:T1055.012
STRING:context,0.04881923874980369,TA0004:T1055.012
STRING:productversion,0.04151701068289969,TA0004:T1055.012
SIGNATURE:packer_entropy,0.04045617997922558,TA0004:T1055.012
STRING:delete,0.03686282680035615,TA0004:T1055.012
API:NtDelayExecution,0.05195925068209496,TA0004:T1068
API:DeviceIoControl,0.049334233276297386,TA0004:T1068
REG:READ:HKEY_LOCAL_M...dows\LoadAppInit_DLLs,0.04158435681280772,TA0004:T1068
API:GetComputerNameA,0.038907715340505106,TA0004:T1068
API:RegEnumKeyExW,0.03599902187904209,TA0004:T1068
FILE:OPENED:c:\window...\en-us\netmsg.dll.mui,0.051315458596771765,TA0004:T1078
SIGNATURE:has_authenticode,0.05019266951702515,TA0004:T1078
API:GetFileVersionInfoW,0.030303224575387363,TA0004:T1078
DROP:EXTENSION:exe,0.022161898412775667,TA0004:T1078
SYSTEM:DLL_LOADED:mpr.dll,0.019399091204066427,TA0004:T1078
FILE:OPENED:c:\window...\en-us\netmsg.dll.mui,0.057152805326983275,TA0004:T1098
SYSTEM:DLL_LOADED:version.dll,0.05280667159771869,TA0004:T1098
STRING:interlockedexchange,0.05175197701064202,TA0004:T1098
STRING:removedirectorya,0.04142552794070665,TA0004:T1098
API:CreateActCtxW,0.041022417840705774,TA0004:T1098
STRING:ntdll.dll,0.01967540167420578,TA0004:T1134
SYSTEM:DLL_LOADED:c:\...\system32\version.dll,0.016097888939667196,TA0004:T1134
STRING:shellexecutea,0.011354217742041081,TA0004:T1134
REG:READ:HKEY_LOCAL_M...entVersion\DevicePath,0.011324763116078662,TA0004:T1134
STRING:findfirstfileexa,0.011100129900831774,TA0004:T1134
STRING:.reloc,0.07177001861878214,TA0004:T1134.001
STRING:ntdll.dll,0.031904345068072174,TA0004:T1134.001
API:DeviceIoControl,0.020580164391312127,TA0004:T1134.001
STRING:shellexecutea,0.02022669158156463,TA0004:T1134.001
SYSTEM:DLL_LOADED:user32,0.018570705677471763,TA0004:T1134.001
API:CreateDirectoryW,0.04674925298890565,TA0004:T1134.002
FILE:FAILED:\device\n...de-9d20-806e6f6e6963},0.04105647684360932,TA0004:T1134.002
API:GetDiskFreeSpaceExW,0.039480248183706636,TA0004:T1134.002
"DROP:TYPE:little-endi...,_cr_line_terminators",0.03686182771914284,TA0004:T1134.002
"STRING:<?xml version=...8"" standalone=""yes""?>",0.03614259669279413,TA0004:T1134.002
STRING:setservicestatus,0.021368323941337114,TA0004:T1543
API:OpenSCManagerW,0.014094546091922464,TA0004:T1543
SIGNATURE:console_output,0.01085843054204004,TA0004:T1543
API:NtDelayExecution,0.009589636912397004,TA0004:T1543
STRING:getexitcodeprocess,0.009291023874958186,TA0004:T1543
STRING:findfirstfileexw,0.05755517844986603,TA0004:T1543.002
STRING:findfirstfileexa,0.04835538057575058,TA0004:T1543.002
STRING:getmodulefilenamew,0.045756632880401445,TA0004:T1543.002
STRING:.reloc,0.045700576739565735,TA0004:T1543.002
STRING:ntdll.dll,0.0410342147932389,TA0004:T1543.002
STRING:setservicestatus,0.025094380059231706,TA0004:T1543.003
API:OpenSCManagerW,0.010081475501495754,TA0004:T1543.003
SIGNATURE:console_output,0.00961096218445997,TA0004:T1543.003
API:WriteConsoleW,0.008927318560637996,TA0004:T1543.003
STRING:ntdll.dll,0.00883649283363759,TA0004:T1543.003
API:GetSystemWindowsDirectoryW,0.045107192094557415,TA0004:T1546
API:DeviceIoControl,0.042391924521058034,TA0004:T1546
REG:READ:HKEY_CURRENT...d\UseDoubleClickTimer,0.039196678284068615,TA0004:T1546
API:NtDelayExecution,0.026449529064288296,TA0004:T1546
SYSTEM:DLL_LOADED:c:\...c71ed437a\gdiplus.dll,0.023312548184109674,TA0004:T1546
API:GetSystemWindowsDirectoryW,0.04731838746522822,TA0004:T1546.001
SYSTEM:DLL_LOADED:c:\...c71ed437a\gdiplus.dll,0.04096768798273768,TA0004:T1546.001
API:DeviceIoControl,0.035278679576575656,TA0004:T1546.001
API:NtDelayExecution,0.026315370469603448,TA0004:T1546.001
SYSTEM:DLL_LOADED:dwmapi.dll,0.022099476246157025,TA0004:T1546.001
SIGNATURE:persistence_autorun,0.015165837865966316,TA0004:T1547
API:RegCreateKeyExW,0.012522302722923546,TA0004:T1547
FILE:WRITTEN:\\?\pipe\wkssvc,0.012491170940573788,TA0004:T1547
SYSTEM:DLL_LOADED:netutils.dll,0.012338350641738447,TA0004:T1547
FILE:READ:\\?\pipe\wkssvc,0.01230387711406429,TA0004:T1547
SIGNATURE:persistence_autorun,0.015780045282739515,TA0004:T1547.001
API:RegSetValueExW,0.013619826452274672,TA0004:T1547.001
FILE:OPENED:\\?\pipe\wkssvc,0.012925460410756795,TA0004:T1547.001
FILE:READ:\\?\pipe\wkssvc,0.012678061984584297,TA0004:T1547.001
API:RegCreateKeyExW,0.012271263776125167,TA0004:T1547.001
STRING:9c`u99c\t4,0.05238040571355736,TA0004:T1547.004
STRING:qqswj0j@,0.03995666385889054,TA0004:T1547.004
SYSTEM:DLL_LOADED:version.dll,0.03734712137125295,TA0004:T1547.004
STRING:invalidaterect,0.03368197686965617,TA0004:T1547.004
STRING:drawtexta,0.032782927627240825,TA0004:T1547.004
API:NtQueryKey,0.04257253549623921,TA0004:T1547.006
REG:READ:HKEY_CURRENT...d\UseDoubleClickTimer,0.04121117196931632,TA0004:T1547.006
API:DeviceIoControl,0.04036005650562474,TA0004:T1547.006
API:CoCreateInstance,0.037118755219707165,TA0004:T1547.006
FILE:OPENED:c:\window...rting\sortdefault.nls,0.03313580400075663,TA0004:T1547.006
STRING:concat,0.02160633876213657,TA0004:T1547.008
STRING:locale,0.02073940392400241,TA0004:T1547.008
API:NtSetContextThread,0.020114934122869677,TA0004:T1547.008
STRING:dispose,0.0200305282161402,TA0004:T1547.008
SIGNATURE:network_icmp,0.017216354658704965,TA0004:T1547.008
DIRECTORY:CREATED:c:\users,0.047079922607423025,TA0004:T1547.009
DIRECTORY:CREATED:c:\users\administrator,0.02823179689921205,TA0004:T1547.009
STRING:nullsoftinst,0.026166589690779948,TA0004:T1547.009
DIRECTORY:ENUMERATED:c:\windows\system32\*.*,0.026044214326396597,TA0004:T1547.009
REG:OPENED:HKEY_CURRE...ell Extensions\Cached,0.020913226309136654,TA0004:T1547.009
STRING:</html>,0.02172271826471363,TA0004:T1548
STRING:openmutexw,0.018658328349444534,TA0004:T1548
SIGNATURE:network_icmp,0.015838620754561647,TA0004:T1548
STRING:ntdll.dll,0.014759363981112484,TA0004:T1548
SIGNATURE:dead_host,0.013680943875104797,TA0004:T1548
STRING:</html>,0.048879045938897,TA0004:T1548.002
API:RegDeleteKeyW,0.04045118391678245,TA0004:T1548.002
STRING:ntdll.dll,0.037016276206165336,TA0004:T1548.002
SYSTEM:DLL_LOADED:sspicli.dll,0.02644428314831957,TA0004:T1548.002
SIGNATURE:network_icmp,0.02217072889189166,TA0004:T1548.002
SIGNATURE:network_icmp,0.0181807766633179,TA0004:T1574
STRING:findfirstfileexw,0.01775200852261047,TA0004:T1574
STRING:.reloc,0.011222636380005997,TA0004:T1574
SIGNATURE:dead_host,0.009865946484593345,TA0004:T1574
SIGNATURE:packer_entropy,0.008918818191849446,TA0004:T1574
STRING:`.itext,0.03087444540638173,TA0004:T1574.001
STRING:remove,0.028005074486626123,TA0004:T1574.001
API:RemoveDirectoryW,0.02592983128513149,TA0004:T1574.001
"DROP:TYPE:pe32_execut...80386,_for_ms_windows",0.023954413769451892,TA0004:T1574.001
FILE:EXISTS:c:\,0.02328608214179022,TA0004:T1574.001
SIGNATURE:network_icmp,0.02120024447280232,TA0004:T1574.002
STRING:findfirstfileexw,0.012889589941258052,TA0004:T1574.002
SIGNATURE:dead_host,0.012442742545332768,TA0004:T1574.002
STRING:user32,0.011761525959498906,TA0004:T1574.002
STRING:readfile,0.011670897084422949,TA0004:T1574.002
STRING:setservicestatus,0.017863057962976454,TA0004:T1574.010
API:GetSystemDirectoryW,0.01572180183106058,TA0004:T1574.010
STRING:wwwwwx,0.015611870222199961,TA0004:T1574.010
STRING:qqswj0j@,0.014279430372548318,TA0004:T1574.010
SIGNATURE:has_authenticode,0.014256578740562808,TA0004:T1574.010
STRING:install,0.02988881219531958,TA0005:T1006
SIGNATURE:network_http,0.02705640549680601,TA0005:T1006
API:RegEnumKeyExW,0.024796160368786384,TA0005:T1006
API:RegSetValueExA,0.0243295731608324,TA0005:T1006
STRING:shlwapi.dll,0.02413515529193824,TA0005:T1006
REG:READ:HKEY_CURRENT...d\UseDoubleClickTimer,0.028211850700009755,TA0005:T1014
STRING:labels,0.019946632090419813,TA0005:T1014
API:NtDelayExecution,0.019800752205201468,TA0005:T1014
REG:READ:HKEY_CURRENT...and Processor\AutoRun,0.01720898429055501,TA0005:T1014
API:SetWindowsHookExW,0.015334262930203919,TA0005:T1014
STRING:deletefilea,0.013263392460221908,TA0005:T1027
SIGNATURE:packer_entropy,0.011052191560332849,TA0005:T1027
SIGNATURE:dead_host,0.008810880321356539,TA0005:T1027
DIRECTORY:ENUMERATED:...ents and settings\*.*,0.008386680313137782,TA0005:T1027
API:GetSystemDirectoryA,0.008320611770619756,TA0005:T1027
STRING:.aspack,0.0357395372509236,TA0005:T1027.002
SIGNATURE:packer_entropy,0.030192039693524284,TA0005:T1027.002
STRING:loader error,0.020098934497314005,TA0005:T1027.002
STRING:the procedure ...namic link library %s,0.018972391490833997,TA0005:T1027.002
STRING:the ordinal %u...namic link library %s,0.01853161547635634,TA0005:T1027.002
STRING:operator,0.047321193543330725,TA0005:T1027.004
REG:READ:HKEY_LOCAL_M...rol\CMF\Config\SYSTEM,0.038410841211122024,TA0005:T1027.004
STRING:lookup,0.027365764892619646,TA0005:T1027.004
STRING:initializearray,0.02514541854247023,TA0005:T1027.004
REG:READ:HKEY_CURRENT...67-806e6f6e6963}\Data,0.02402510632095938,TA0005:T1027.004
STRING:.data$r,0.016405111242649074,TA0005:T1027.005
STRING:getconsolemode,0.012609874973394879,TA0005:T1027.005
STRING:setfilepointerex,0.012524388007605278,TA0005:T1027.005
STRING:cryptencrypt,0.012213878018779345,TA0005:T1027.005
STRING:.rdata$r,0.012152427080755939,TA0005:T1027.005
DROP:TYPE:empty,0.018881318810246604,TA0005:T1027.009
SIGNATURE:dead_host,0.015257507265726422,TA0005:T1027.009
DROP:EXTENSION:ini,0.0124268083073372,TA0005:T1027.009
SIGNATURE:network_icmp,0.01196085946791117,TA0005:T1027.009
"DROP:TYPE:ascii_text,...crlf_line_terminators",0.011541895099444071,TA0005:T1027.009
SIGNATURE:network_icmp,0.011731111105974256,TA0005:T1036
SIGNATURE:packer_entropy,0.011370127027975845,TA0005:T1036
API:OpenSCManagerW,0.009481987634243709,TA0005:T1036
SYSTEM:DLL_LOADED:shlwapi.dll,0.008303009744423195,TA0005:T1036
SIGNATURE:has_authenticode,0.007914772476219111,TA0005:T1036
SIGNATURE:has_authenticode,0.0760432457986042,TA0005:T1036.003
REG:OPENED:HKEY_LOCAL...trolSet\Services\LDAP,0.04838587414024398,TA0005:T1036.003
API:GetSystemMetrics,0.046906076458450505,TA0005:T1036.003
STRING:      <requestedprivileges>,0.03596002875920516,TA0005:T1036.003
REG:READ:HKEY_LOCAL_M...orSystemHeapIsPrivate,0.03330867173874808,TA0005:T1036.003
SIGNATURE:network_icmp,0.025941064735759637,TA0005:T1036.005
STRING:</html>,0.019330359746607267,TA0005:T1036.005
REG:READ:HKEY_LOCAL_M...rol\CMF\Config\SYSTEM,0.016674105588410777,TA0005:T1036.005
SYSTEM:DLL_LOADED:sspicli.dll,0.012738959143740654,TA0005:T1036.005
API:RegDeleteKeyW,0.012232559798470787,TA0005:T1036.005
STRING:writeconsolew,0.11466135821138701,TA0005:T1036.007
STRING:.reloc,0.10271003507446176,TA0005:T1036.007
SYSTEM:DLL_LOADED:c:\...\system32\uxtheme.dll,0.028795716431974514,TA0005:T1036.007
SIGNATURE:dead_host,0.028026311082609886,TA0005:T1036.007
DROP:TYPE:empty,0.026354453526696575,TA0005:T1036.007
SIGNATURE:network_icmp,0.013266311773205874,TA0005:T1055
STRING:.reloc,0.01317279484558328,TA0005:T1055
DROP:EXTENSION:exe,0.01273843365072749,TA0005:T1055
API:GetSystemWindowsDirectoryW,0.01132662189375105,TA0005:T1055
SIGNATURE:dead_host,0.00902741876068664,TA0005:T1055
DROP:TYPE:ascii_text,0.10073789206495773,TA0005:T1055.002
REG:READ:HKEY_LOCAL_M...-500\ProfileImagePath,0.045735848708018285,TA0005:T1055.002
STRING:.reloc,0.045200269352605814,TA0005:T1055.002
SIGNATURE:network_icmp,0.044293719483602424,TA0005:T1055.002
API:UuidCreate,0.033441566032241965,TA0005:T1055.002
FILE:OPENED:c:\window...\en-us\netmsg.dll.mui,0.0584190800472728,TA0005:T1055.003
STRING:virtualallocex,0.04769717789451201,TA0005:T1055.003
STRING:iphlpapi.dll,0.04294146954056654,TA0005:T1055.003
STRING:findfirstfileexa,0.03675017155623909,TA0005:T1055.003
SYSTEM:DLL_LOADED:advapi32,0.029088727963025116,TA0005:T1055.003
STRING:control,0.0434612880934532,TA0005:T1055.004
SIGNATURE:packer_entropy,0.034243114237413164,TA0005:T1055.004
API:ioctlsocket,0.02747478330110655,TA0005:T1055.004
STRING:toarray,0.02089232093954479,TA0005:T1055.004
DROP:EXTENSION:xml,0.01773724006349201,TA0005:T1055.004
DROP:TYPE:empty,0.08496836634611205,TA0005:T1055.011
STRING:!this program ...t be run in dos mode.,0.07803500466578109,TA0005:T1055.011
STRING:delete,0.048489635407887755,TA0005:T1055.011
STRING:shlwapi.dll,0.04775161335825475,TA0005:T1055.011
"STRING:<?xml version=...8"" standalone=""yes""?>",0.04489441937646862,TA0005:T1055.011
STRING:getfiles,0.06615664087465932,TA0005:T1055.012
STRING:readprocessmemory,0.04652765989855276,TA0005:T1055.012
STRING:originalfilename,0.03499496499967061,TA0005:T1055.012
STRING:runtime error     at 00000000,0.03159408130774257,TA0005:T1055.012
STRING:`.rsrc,0.02925493835973459,TA0005:T1055.012
STRING:setcurrentdirectorya,0.017645151352928146,TA0005:T1064
DROP:TYPE:ascii_text,0.011524687787300562,TA0005:T1064
STRING:kernel32.dll,0.010737665736071524,TA0005:T1064
SIGNATURE:packer_entropy,0.01065703435417386,TA0005:T1064
API:GetFileAttributesExW,0.010536941028324188,TA0005:T1064
API:GetComputerNameW,0.012208894199247115,TA0005:T1070
STRING:getlogicaldrives,0.01206808253909964,TA0005:T1070
STRING:cmd.exe,0.011003729007261202,TA0005:T1070
API:WriteConsoleW,0.009176002109030336,TA0005:T1070
SIGNATURE:packer_entropy,0.008925560826656371,TA0005:T1070
STRING:.reloc,0.0805963109287222,TA0005:T1070.001
STRING:special,0.03605793249580098,TA0005:T1070.001
SIGNATURE:packer_entropy,0.02436437775578036,TA0005:T1070.001
STRING:cmd.exe,0.023308447491201475,TA0005:T1070.001
STRING:ntdll.dll,0.020663373668923905,TA0005:T1070.001
STRING:openmutexw,0.01156439872869232,TA0005:T1070.004
STRING:getlogicaldrives,0.010068242661729357,TA0005:T1070.004
API:WriteConsoleW,0.009594525752375887,TA0005:T1070.004
API:NtProtectVirtualMemory,0.009433232046183505,TA0005:T1070.004
SIGNATURE:packer_entropy,0.008657345113689588,TA0005:T1070.004
"STRING:<?xml version=...8"" standalone=""yes""?>",0.018688110655550233,TA0005:T1070.006
SYSTEM:DLL_LOADED:advapi32,0.017031337719053907,TA0005:T1070.006
STRING:lstrlena,0.014802901237249777,TA0005:T1070.006
STRING:delete,0.012867598048283559,TA0005:T1070.006
STRING:cryptdecrypt,0.011235492776959248,TA0005:T1070.006
SIGNATURE:has_authenticode,0.059980540210615954,TA0005:T1078
FILE:OPENED:c:\window...\en-us\netmsg.dll.mui,0.055319441413866396,TA0005:T1078
API:OpenServiceW,0.03862283163145597,TA0005:T1078
SYSTEM:DLL_LOADED:mpr.dll,0.031173087434839087,TA0005:T1078
SYSTEM:DLL_LOADED:version.dll,0.02514551670708742,TA0005:T1078
SIGNATURE:packer_entropy,0.014336839143157257,TA0005:T1112
SIGNATURE:network_icmp,0.012620536871159374,TA0005:T1112
STRING:gettempfilenamew,0.012269556935011007,TA0005:T1112
STRING:setfiletime,0.009335396969500817,TA0005:T1112
SIGNATURE:dead_host,0.008344106534769616,TA0005:T1112
STRING:ntdll.dll,0.01810768903235216,TA0005:T1134
REG:READ:HKEY_LOCAL_M...entVersion\DevicePath,0.012437861010612174,TA0005:T1134
SYSTEM:DLL_LOADED:c:\...\system32\version.dll,0.012176962645804108,TA0005:T1134
API:GetSystemWindowsDirectoryW,0.009451828336735316,TA0005:T1134
STRING:a_a^a]a\_,0.009282619996654673,TA0005:T1134
STRING:.reloc,0.07959196233359257,TA0005:T1134.001
STRING:ntdll.dll,0.03622190712851359,TA0005:T1134.001
STRING:shellexecutea,0.01982976401309545,TA0005:T1134.001
API:RtlAddVectoredExceptionHandler,0.016645721399196418,TA0005:T1134.001
API:DeviceIoControl,0.016156858098065087,TA0005:T1134.001
API:GetDiskFreeSpaceExW,0.051887918808712186,TA0005:T1134.002
DROP:TYPE:ascii_text,0.04643946030151451,TA0005:T1134.002
"STRING:<?xml version=...8"" standalone=""yes""?>",0.04551210806860608,TA0005:T1134.002
SIGNATURE:antivm_disk_size,0.0440154239176499,TA0005:T1134.002
DROP:TYPE:xml_1.0_doc...crlf_line_terminators,0.04368248489081735,TA0005:T1134.002
STRING:contains,0.03228444971693228,TA0005:T1140
REG:READ:HKEY_LOCAL_M...entVersion\DevicePath,0.014832601679187969,TA0005:T1140
SIGNATURE:packer_entropy,0.011247154193172975,TA0005:T1140
STRING:createencryptor,0.011042018308802743,TA0005:T1140
STRING:remove,0.01076719659045051,TA0005:T1140
STRING:labels,0.0684120506599958,TA0005:T1197
STRING:special,0.0621729734094188,TA0005:T1197
REG:READ:HKEY_CURRENT...and Processor\AutoRun,0.040013751208600526,TA0005:T1197
STRING:control,0.038814922641937866,TA0005:T1197
STRING:context,0.0340337936822309,TA0005:T1197
DROP:TYPE:empty,0.02002974937183476,TA0005:T1202
SIGNATURE:network_icmp,0.01819681946767839,TA0005:T1202
SIGNATURE:packer_entropy,0.011925397425238068,TA0005:T1202
DROP:EXTENSION:ini,0.010887454412799553,TA0005:T1202
"DROP:TYPE:little-endi...,_cr_line_terminators",0.009509969561331199,TA0005:T1202
API:CreateActCtxW,0.06329894884016501,TA0005:T1218
STRING:9c`u99c\t4,0.02161003251962062,TA0005:T1218
SIGNATURE:allocates_rwx,0.02031898028685392,TA0005:T1218
SIGNATURE:dead_host,0.0200075102353791,TA0005:T1218
API:NtAllocateVirtualMemory,0.019100583485026062,TA0005:T1218
STRING:msi.dll,0.06276296454665581,TA0005:T1218.005
REG:READ:HKEY_LOCAL_M...entVersion\DevicePath,0.056838384104967714,TA0005:T1218.005
STRING:- abort() has been called,0.05568274168654235,TA0005:T1218.005
REG:READ:HKEY_LOCAL_M...trol\Nls\CodePage\950,0.03369760371316107,TA0005:T1218.005
STRING:createdirectorya,0.02945983017860214,TA0005:T1218.005
STRING:cryptstringtobinarya,0.06132728876195839,TA0005:T1218.010
STRING:msvcrt.dll,0.05157160521774754,TA0005:T1218.010
STRING:findfirstfileexa,0.039288289628394084,TA0005:T1218.010
API:NtAllocateVirtualMemory,0.03414265818635803,TA0005:T1218.010
API:CreateActCtxW,0.033423403569142536,TA0005:T1218.010
API:CreateActCtxW,0.063644800923594,TA0005:T1218.011
SIGNATURE:dead_host,0.027766144640146363,TA0005:T1218.011
API:NtAllocateVirtualMemory,0.025229883768932874,TA0005:T1218.011
API:NtProtectVirtualMemory,0.022064190648972203,TA0005:T1218.011
STRING:9c`u99c\t4,0.020864901512905532,TA0005:T1218.011
DIRECTORY:ENUMERATED:...ents and settings\*.*,0.026852544297573014,TA0005:T1222
FILE:OPENED:c:\progra...cessories\wordpad.exe,0.019158507216453874,TA0005:T1222
STRING:ntdll.dll,0.015759124281358085,TA0005:T1222
DIRECTORY:ENUMERATED:c:\perflogs\*.*,0.015379692867521546,TA0005:T1222
STRING:enddialog,0.014388231115724938,TA0005:T1222
REG:READ:HKEY_LOCAL_M...rol\CMF\Config\SYSTEM,0.08755914418226204,TA0005:T1222.001
SYSTEM:DLL_LOADED:advapi32,0.06770757698833707,TA0005:T1222.001
STRING:wwwwwx,0.03262288749828691,TA0005:T1222.001
STRING:wwwwww,0.028283647091261986,TA0005:T1222.001
SIGNATURE:has_authenticode,0.02523502080040556,TA0005:T1222.001
SIGNATURE:packer_entropy,0.012637682960837716,TA0005:T1497
SIGNATURE:dead_host,0.010227482999437997,TA0005:T1497
SIGNATURE:network_icmp,0.01021610300233624,TA0005:T1497
SIGNATURE:allocates_rwx,0.009124445530011644,TA0005:T1497
STRING:findfirstfilea,0.00858721028570757,TA0005:T1497
SIGNATURE:packer_entropy,0.012157158373925099,TA0005:T1497.001
STRING:getlogicaldrives,0.012010343307307795,TA0005:T1497.001
STRING:msvbvm60.dll,0.011170265540440255,TA0005:T1497.001
STRING:_cicos,0.010976476715881554,TA0005:T1497.001
API:NtAllocateVirtualMemory,0.009901165069893707,TA0005:T1497.001
STRING:oleaut32.dll,0.026617235701545637,TA0005:T1497.002
SIGNATURE:nolookup_communication,0.02602493646252365,TA0005:T1497.002
STRING:setbkcolor,0.022672287311969495,TA0005:T1497.002
STRING:iphlpapi.dll,0.020209837127550482,TA0005:T1497.002
SIGNATURE:dead_host,0.019261640117868378,TA0005:T1497.002
SIGNATURE:network_icmp,0.02150302522193944,TA0005:T1497.003
SIGNATURE:has_authenticode,0.010526195166982283,TA0005:T1497.003
REG:READ:HKEY_LOCAL_M...rol\CMF\Config\SYSTEM,0.009652669782334049,TA0005:T1497.003
STRING:</html>,0.009151702795987975,TA0005:T1497.003
SIGNATURE:persistence_autorun,0.008936963744786397,TA0005:T1497.003
STRING:9c`u99c\t4,0.02972444596344128,TA0005:T1542
SIGNATURE:packer_entropy,0.018460792126588875,TA0005:T1542
STRING:lstrlena,0.01704059095228407,TA0005:T1542
STRING:special,0.015184137492765013,TA0005:T1542
STRING:vs_version_info,0.012625278208219251,TA0005:T1542
STRING:varfileinfo,0.06223753129796144,TA0005:T1542.001
STRING:internalname,0.04939181332612067,TA0005:T1542.001
STRING:lstrlena,0.04465580030094171,TA0005:T1542.001
STRING:fileversion,0.043761157492952646,TA0005:T1542.001
STRING:stringfileinfo,0.035702561592996826,TA0005:T1542.001
FILE:EXISTS:c:\progra...s\start menu\programs,0.0280504624602285,TA0005:T1542.003
STRING:special,0.01824195264466411,TA0005:T1542.003
API:NtQueryDirectoryFile,0.016310101956638717,TA0005:T1542.003
STRING:concat,0.016076168710249118,TA0005:T1542.003
STRING:dispose,0.015807088052391467,TA0005:T1542.003
STRING:</html>,0.01902090397611119,TA0005:T1548
STRING:ntdll.dll,0.017165655558967766,TA0005:T1548
SIGNATURE:dead_host,0.014079453998467434,TA0005:T1548
STRING:openmutexw,0.01187167811187374,TA0005:T1548
SIGNATURE:persistence_autorun,0.011709888341560675,TA0005:T1548
SYSTEM:DLL_LOADED:sspicli.dll,0.04231584165310788,TA0005:T1548.002
STRING:ntdll.dll,0.04038877930694069,TA0005:T1548.002
API:RegDeleteKeyW,0.029931849382282976,TA0005:T1548.002
STRING:</html>,0.020847229508012193,TA0005:T1548.002
API:DeviceIoControl,0.018867806448533423,TA0005:T1548.002
"STRING:<?xml version=...8"" standalone=""yes""?>",0.15446521255112153,TA0005:T1553
STRING:delete,0.13128061951452732,TA0005:T1553
SIGNATURE:dead_host,0.03306686662600408,TA0005:T1553
STRING:control,0.03132192800570764,TA0005:T1553
STRING:regdeletevaluea,0.02709520187734856,TA0005:T1553
"STRING:<?xml version=...8"" standalone=""yes""?>",0.3658648699631423,TA0005:T1553.004
STRING:delete,0.24468301019419653,TA0005:T1553.004
STRING:control,0.051008670072237666,TA0005:T1553.004
STRING:      </requestedprivileges>,0.03306048977253382,TA0005:T1553.004
STRING:get_name,0.024935070173238885,TA0005:T1553.004
STRING:wow64disablewow64fsredirection,0.05917739198577787,TA0005:T1553.005
STRING:gettempfilenamew,0.03676112172278646,TA0005:T1553.005
STRING:regdeletevaluea,0.035675024489928285,TA0005:T1553.005
STRING:@.data,0.03495807367923653,TA0005:T1553.005
STRING:setstdhandle,0.03458293700025781,TA0005:T1553.005
API:RegQueryInfoKeyW,0.016448784306107314,TA0005:T1562
API:RegEnumValueW,0.014576611535992885,TA0005:T1562
STRING:kernel32.dll,0.010171142691961644,TA0005:T1562
SIGNATURE:packer_entropy,0.010121796230691121,TA0005:T1562
API:RtlAddVectoredExceptionHandler,0.00940176890769641,TA0005:T1562
API:RegEnumValueW,0.01429416773855678,TA0005:T1562.001
STRING:kernel32.dll,0.013211461149303107,TA0005:T1562.001
STRING:initializearray,0.011754846470211711,TA0005:T1562.001
API:RegQueryInfoKeyW,0.011627839293665938,TA0005:T1562.001
SIGNATURE:packer_entropy,0.010508571882038121,TA0005:T1562.001
SIGNATURE:has_authenticode,0.07702818037317147,TA0005:T1562.004
STRING:accept,0.041398908955823134,TA0005:T1562.004
STRING:uqpxy]y[,0.030602905254982115,TA0005:T1562.004
STRING:.reloc,0.029614308687413125,TA0005:T1562.004
SIGNATURE:allocates_rwx,0.025878016756807516,TA0005:T1562.004
STRING:getexitcodeprocess,0.062198582546374254,TA0005:T1562.009
STRING:`.itext,0.05891855274395856,TA0005:T1562.009
FILE:OPENED:c:\program files (x86),0.0469293301870113,TA0005:T1562.009
SIGNATURE:dead_host,0.03376209311083066,TA0005:T1562.009
SIGNATURE:persistence_autorun,0.03292673493502997,TA0005:T1562.009
STRING:leavecriticalsection,0.01071426861917443,TA0005:T1564
REG:READ:HKEY_LOCAL_M...Reporting\WMR\Disable,0.010376193723540532,TA0005:T1564
API:OpenSCManagerW,0.010256693962845398,TA0005:T1564
API:UuidCreate,0.010047793065506573,TA0005:T1564
API:CoCreateInstance,0.00967005777355336,TA0005:T1564
FILE:WRITTEN:\\?\pipe\wkssvc,0.021045069776849314,TA0005:T1564.001
FILE:READ:\\?\pipe\wkssvc,0.017385866199848898,TA0005:T1564.001
FILE:OPENED:\\?\pipe\wkssvc,0.01589246373964543,TA0005:T1564.001
STRING:openmutexw,0.015485799485284025,TA0005:T1564.001
SIGNATURE:network_icmp,0.014593218039186884,TA0005:T1564.001
REG:READ:HKEY_LOCAL_M...Reporting\WMR\Disable,0.01923856595057145,TA0005:T1564.003
SIGNATURE:console_output,0.01765524962359711,TA0005:T1564.003
STRING:this program must be run under win32,0.013768130167024002,TA0005:T1564.003
API:WriteConsoleW,0.013072061831069232,TA0005:T1564.003
STRING:runtime error     at 00000000,0.01252935971284272,TA0005:T1564.003
STRING:setservicestatus,0.01686244579227939,TA0005:T1564.004
SIGNATURE:persistence_autorun,0.015571338472759403,TA0005:T1564.004
REG:OPENED:HKEY_LOCAL...trolSet\Services\LDAP,0.013255612133393144,TA0005:T1564.004
API:GetSystemDirectoryW,0.012083396063503697,TA0005:T1564.004
DROP:TYPE:empty,0.011974949279668787,TA0005:T1564.004
SIGNATURE:network_icmp,0.019216412721206822,TA0005:T1574
STRING:findfirstfileexw,0.01291644331158995,TA0005:T1574
SIGNATURE:dead_host,0.011263626577818516,TA0005:T1574
STRING:readfile,0.010599127002140501,TA0005:T1574
STRING:.reloc,0.010484014432731316,TA0005:T1574
SYSTEM:GUID:{ea1afb91...86-90e9-9e9f8a5eefaf},0.06918255713894352,TA0005:T1574.001
"DROP:TYPE:pe32_execut...80386,_for_ms_windows",0.03457105043861243,TA0005:T1574.001
SIGNATURE:has_authenticode,0.03098518747519283,TA0005:T1574.001
STRING:`.itext,0.025485956787521073,TA0005:T1574.001
STRING:contains,0.02267946928540812,TA0005:T1574.001
SIGNATURE:network_icmp,0.020517532764394303,TA0005:T1574.002
STRING:findfirstfileexw,0.013981143335741202,TA0005:T1574.002
STRING:readfile,0.01332732573876784,TA0005:T1574.002
SIGNATURE:dead_host,0.01250787885229103,TA0005:T1574.002
STRING:.reloc,0.011231367405198001,TA0005:T1574.002
REG:OPENED:HKEY_LOCAL...trolSet\Services\LDAP,0.022108733766237773,TA0005:T1574.010
SYSTEM:DLL_LOADED:advapi32,0.014647737229288409,TA0005:T1574.010
STRING:memset,0.013393912661197913,TA0005:T1574.010
STRING:setservicestatus,0.013190189389350288,TA0005:T1574.010
STRING:wwwwwx,0.012884639809750591,TA0005:T1574.010
STRING:`.rsrc,0.03861685438863811,TA0005:T1620
STRING:padpadp,0.03816693137822443,TA0005:T1620
STRING:get_name,0.03667358129515454,TA0005:T1620
SIGNATURE:packer_entropy,0.026135704223957994,TA0005:T1620
STRING:initializearray,0.026116086794832582,TA0005:T1620
API:GetSystemWindowsDirectoryW,0.01711297304759579,TA0005:T1622
STRING:.reloc,0.01648398902335192,TA0005:T1622
STRING:getmodulefilenamew,0.015494902146378099,TA0005:T1622
SYSTEM:DLL_LOADED:iphlpapi,0.01545955407929642,TA0005:T1622
SIGNATURE:dead_host,0.01493233707345617,TA0005:T1622
SIGNATURE:network_icmp,0.03977421849125918,TA0006:T1003
STRING:.reloc,0.023034423328824473,TA0006:T1003
STRING:setfilepointerex,0.015282802748831887,TA0006:T1003
DROP:TYPE:empty,0.014117860392945117,TA0006:T1003
FILE:READ:\\?\pipe\wkssvc,0.01309022634677552,TA0006:T1003
STRING:control,0.04622271921358851,TA0006:T1040
SYSTEM:DLL_LOADED:c:\...s\system32\wship6.dll,0.03198219186024273,TA0006:T1040
DROP:EXTENSION:xml,0.03170168550889056,TA0006:T1040
STRING:getlogicaldrives,0.0291301326878764,TA0006:T1040
STRING:ienumerator,0.02697946030590871,TA0006:T1040
STRING:.reloc,0.013361427476258656,TA0006:T1056
STRING:p.rsrc,0.00984713541553512,TA0006:T1056
STRING:user32,0.009690058128385722,TA0006:T1056
SIGNATURE:packer_entropy,0.00954754381337224,TA0006:T1056
API:FindResourceA,0.009247440734659837,TA0006:T1056
STRING:runtime error     at 00000000,0.04081779902252481,TA0006:T1056.001
STRING:this program must be run under win32,0.03286524896446109,TA0006:T1056.001
STRING:p.rsrc,0.02893590315554934,TA0006:T1056.001
STRING:setbkcolor,0.02732982149517892,TA0006:T1056.001
STRING:comctl32.dll,0.0209789782433692,TA0006:T1056.001
FILE:OPENED:c:\window...\en-us\netmsg.dll.mui,0.138369605371874,TA0006:T1056.002
REG:READ:HKEY_LOCAL_M...ons\MachineThrottling,0.04087602425591505,TA0006:T1056.002
API:GetFileVersionInfoSizeW,0.03711340185406209,TA0006:T1056.002
SYSTEM:DLL_LOADED:comctl32.dll,0.033239792530913935,TA0006:T1056.002
STRING:ntdll.dll,0.031209051166167838,TA0006:T1056.002
REG:READ:HKEY_CURRENT...d\UseDoubleClickTimer,0.023016582671638156,TA0006:T1056.004
STRING:context,0.016578496376422752,TA0006:T1056.004
API:RegDeleteKeyW,0.015316832547123415,TA0006:T1056.004
STRING:kernel32.dll,0.01422497706855152,TA0006:T1056.004
FILE:EXISTS:c:\progra...s\start menu\programs,0.01382906936720329,TA0006:T1056.004
SIGNATURE:dead_host,0.026618850947018068,TA0006:T1539
STRING:kernel32.dll,0.02466252472911278,TA0006:T1539
SIGNATURE:network_http,0.023352637868067933,TA0006:T1539
SIGNATURE:injection_modifies_memory,0.014683755969694658,TA0006:T1539
STRING:.reloc,0.013453870222154796,TA0006:T1539
DROP:TYPE:empty,0.029938392016389634,TA0006:T1552
STRING:accept,0.013123520565932315,TA0006:T1552
STRING:.reloc,0.01225129237576752,TA0006:T1552
SIGNATURE:packer_entropy,0.012174771935979187,TA0006:T1552
SIGNATURE:network_icmp,0.011896908766323837,TA0006:T1552
DROP:TYPE:empty,0.03365076658612513,TA0006:T1552.001
SIGNATURE:has_authenticode,0.014325857296740683,TA0006:T1552.001
API:CreateActCtxW,0.014040264204385247,TA0006:T1552.001
SIGNATURE:network_icmp,0.013106765438306012,TA0006:T1552.001
SIGNATURE:persistence_autorun,0.011878499923492037,TA0006:T1552.001
REG:OPENED:HKEY_LOCAL...on\Installer\UserData,0.1165973582796615,TA0006:T1552.002
REG:OPENED:HKEY_LOCAL...oft\Windows\Installer,0.08383098663908778,TA0006:T1552.002
API:RegCreateKeyExA,0.05290400658626568,TA0006:T1552.002
STRING:ienumerator,0.044296851564538664,TA0006:T1552.002
SYSTEM:DLL_LOADED:crypt32.dll,0.04305016420908604,TA0006:T1552.002
SIGNATURE:persistence_autorun,0.021325949160342462,TA0006:T1555
DROP:TYPE:ascii_text,0.019443973579901262,TA0006:T1555
SIGNATURE:packer_entropy,0.016999971104373693,TA0006:T1555
API:CreateDirectoryW,0.01488710920581976,TA0006:T1555
DROP:TYPE:empty,0.01333882998976293,TA0006:T1555
STRING:programfilesdir,0.020810724446686732,TA0006:T1555.003
SIGNATURE:persistence_autorun,0.01989604388737521,TA0006:T1555.003
API:CreateDirectoryW,0.01981352897405896,TA0006:T1555.003
DROP:TYPE:ascii_text,0.01588179561056883,TA0006:T1555.003
STRING:.reloc,0.014248172002787792,TA0006:T1555.003
STRING:getlogicaldrives,0.08564296479022683,TA0006:T1555.004
STRING:sizeofresource,0.06384390196971544,TA0006:T1555.004
STRING:memmove,0.043131671591246486,TA0006:T1555.004
FILE:EXISTS:c:\users,0.03614716896177942,TA0006:T1555.004
STRING:gettempfilenamew,0.03386835646168595,TA0006:T1555.004
STRING:pp9e u:ppvwp,0.16515908336511595,TA0006:T1606
STRING:ssvwh ,0.16505504393491294,TA0006:T1606
STRING:wwwpws,0.07408381164784655,TA0006:T1606
STRING:getmodulefilenamew,0.06872266335205553,TA0006:T1606
STRING:findfirstfileexw,0.06552714031431721,TA0006:T1606
STRING:pp9e u:ppvwp,0.18591512842682167,TA0006:T1606.001
STRING:ssvwh ,0.10116353690952233,TA0006:T1606.001
STRING:findfirstfileexw,0.10009762281618613,TA0006:T1606.001
STRING:getmodulefilenamew,0.07677748655529751,TA0006:T1606.001
STRING:findfirstfileexa,0.07237977490174101,TA0006:T1606.001
API:RtlAddVectoredExceptionHandler,0.02383141713856689,TA0007:T1007
STRING:gettempfilenamew,0.02161230981468103,TA0007:T1007
STRING:ntdll.dll,0.020173896639300307,TA0007:T1007
SIGNATURE:network_icmp,0.019108461617699402,TA0007:T1007
STRING:</html>,0.01652902338904538,TA0007:T1007
STRING:this program must be run under win32,0.015158866156568774,TA0007:T1010
STRING:runtime error     at 00000000,0.011848513879035858,TA0007:T1010
SIGNATURE:packer_entropy,0.009998330683732709,TA0007:T1010
STRING:p.rsrc,0.009965121128499267,TA0007:T1010
API:CreateDirectoryW,0.009849390565470663,TA0007:T1010
STRING:regclosekey,0.018804843005561997,TA0007:T1012
STRING:p.rsrc,0.017029683390546016,TA0007:T1012
STRING:this program must be run under win32,0.0169014665756151,TA0007:T1012
API:RegQueryInfoKeyW,0.014063359307297001,TA0007:T1012
API:RegEnumKeyExW,0.013432219509611551,TA0007:T1012
STRING:iphlpapi.dll,0.02839790203525015,TA0007:T1016
STRING:openmutexw,0.009844794966938252,TA0007:T1016
API:GetDiskFreeSpaceExW,0.009802827881388995,TA0007:T1016
SIGNATURE:injection_modifies_memory,0.009702082156671956,TA0007:T1016
REG:READ:HKEY_LOCAL_M...rsion\ProgramFilesDir,0.009044950866922594,TA0007:T1016
STRING:special,0.051076437205585905,TA0007:T1016.001
STRING:shellexecutea,0.039868625423645,TA0007:T1016.001
STRING:memset,0.03592993177808503,TA0007:T1016.001
API:RtlAddVectoredExceptionHandler,0.028881431468588584,TA0007:T1016.001
STRING:`.rdata,0.026380343989560497,TA0007:T1016.001
REG:READ:HKEY_LOCAL_M...dows\LoadAppInit_DLLs,0.01224480620781461,TA0007:T1018
SIGNATURE:packer_entropy,0.011453667747859083,TA0007:T1018
STRING:initializearray,0.008634431031316775,TA0007:T1018
SIGNATURE:network_http,0.007482462040602841,TA0007:T1018
API:GetFileVersionInfoW,0.0071502732213699245,TA0007:T1018
STRING:cmd.exe,0.015293443750404848,TA0007:T1033
STRING:cryptencrypt,0.015165450246461615,TA0007:T1033
SIGNATURE:antivm_disk_size,0.011206778027708296,TA0007:T1033
STRING:getlogicaldrives,0.009978841060855675,TA0007:T1033
STRING:</html>,0.009867070291262011,TA0007:T1033
STRING:control,0.053645163793361254,TA0007:T1040
API:ioctlsocket,0.02538117137773015,TA0007:T1040
API:FindResourceA,0.0250591890093532,TA0007:T1040
STRING:ienumerator,0.02499645881076054,TA0007:T1040
STRING:cmd.exe,0.02389447751753517,TA0007:T1040
DROP:TYPE:empty,0.04623927942114716,TA0007:T1046
API:GetFileAttributesExW,0.03091424991506358,TA0007:T1046
API:DeviceIoControl,0.021454285334330903,TA0007:T1046
STRING:computehash,0.019266026797928944,TA0007:T1046
STRING:8ldict,0.017576412824001922,TA0007:T1046
SIGNATURE:network_icmp,0.04745403839315442,TA0007:T1049
FILE:WRITTEN:\\?\pipe\wkssvc,0.024924288837577965,TA0007:T1049
FILE:READ:\\?\pipe\wkssvc,0.02178879328083255,TA0007:T1049
STRING:.reloc,0.01885126243053629,TA0007:T1049
FILE:OPENED:c:\window...\en-us\netmsg.dll.mui,0.01678885708591364,TA0007:T1049
API:Process32NextW,0.012175995106509453,TA0007:T1057
SIGNATURE:antivm_queries_computername,0.012131009776645519,TA0007:T1057
SIGNATURE:network_icmp,0.011690583501093452,TA0007:T1057
API:Process32FirstW,0.011600693299806413,TA0007:T1057
API:CreateToolhelp32Snapshot,0.011382426400735215,TA0007:T1057
SIGNATURE:origin_langid,0.024885085784615256,TA0007:T1082
API:LdrGetProcedureAddress,0.02133898447267406,TA0007:T1082
STRING:msvbvm60.dll,0.02088780581916175,TA0007:T1082
DROP:EXTENSION:exe,0.018640454381361728,TA0007:T1082
STRING:.pdata,0.01342871483934375,TA0007:T1082
STRING:context,0.01463576103352743,TA0007:T1083
STRING:labels,0.013961476495461565,TA0007:T1083
STRING:_cicos,0.013470205491755509,TA0007:T1083
STRING:msvbvm60.dll,0.01133553763140031,TA0007:T1083
STRING:the procedure ...namic link library %s,0.010084987686802471,TA0007:T1083
STRING:getlogicaldrives,0.013565364175677027,TA0007:T1087
STRING:cmd.exe,0.011630692929228074,TA0007:T1087
STRING:cryptencrypt,0.011457428435137576,TA0007:T1087
STRING:cryptstringtobinarya,0.009695847145809006,TA0007:T1087
STRING:</html>,0.009452699313943873,TA0007:T1087
STRING:</html>,0.015263787723902196,TA0007:T1087.001
SIGNATURE:dead_host,0.014652673156500247,TA0007:T1087.001
REG:READ:HKEY_LOCAL_M...rol\CMF\Config\SYSTEM,0.014211616431561207,TA0007:T1087.001
SIGNATURE:network_icmp,0.013085722727456586,TA0007:T1087.001
SIGNATURE:persistence_autorun,0.012941684838594363,TA0007:T1087.001
SIGNATURE:network_icmp,0.03735602492537801,TA0007:T1120
STRING:.reloc,0.02526986934185581,TA0007:T1120
API:GetDiskFreeSpaceExW,0.015874222310200102,TA0007:T1120
SYSTEM:DLL_LOADED:crypt32.dll,0.015526165879655593,TA0007:T1120
SIGNATURE:antivm_disk_size,0.01419513583554855,TA0007:T1120
SIGNATURE:network_icmp,0.01789578985177551,TA0007:T1124
STRING:</html>,0.01737246550443095,TA0007:T1124
REG:READ:HKEY_LOCAL_M...entVersion\DevicePath,0.01565458318667255,TA0007:T1124
API:RegDeleteKeyW,0.009990152947751444,TA0007:T1124
SIGNATURE:console_output,0.009640481442247975,TA0007:T1124
STRING:cryptencrypt,0.03045514675370807,TA0007:T1135
SIGNATURE:network_icmp,0.02050464910902296,TA0007:T1135
STRING:ntdll.dll,0.015284178534675619,TA0007:T1135
STRING:openmutexw,0.01510052470026267,TA0007:T1135
STRING:cryptstringtobinarya,0.013701778640315741,TA0007:T1135
STRING:contains,0.04885282785371558,TA0007:T1217
DROP:EXTENSION:log,0.03800528998210509,TA0007:T1217
API:WriteConsoleW,0.037795819934350695,TA0007:T1217
API:NtQueryDirectoryFile,0.03392047304263432,TA0007:T1217
SIGNATURE:console_output,0.02786085113486812,TA0007:T1217
SIGNATURE:packer_entropy,0.01226936736063845,TA0007:T1497
STRING:  </trustinfo>,0.009855146882032947,TA0007:T1497
SIGNATURE:dead_host,0.009753205332617297,TA0007:T1497
STRING:findfirstfilea,0.009622714525616813,TA0007:T1497
SIGNATURE:allocates_rwx,0.009245395264876043,TA0007:T1497
STRING:getlogicaldrives,0.013704118654173187,TA0007:T1497.001
STRING:</html>,0.013055451422528015,TA0007:T1497.001
SIGNATURE:packer_entropy,0.011564395846037159,TA0007:T1497.001
API:NtAllocateVirtualMemory,0.010292863332948453,TA0007:T1497.001
STRING:msvbvm60.dll,0.009633240687159027,TA0007:T1497.001
SIGNATURE:dead_host,0.026937332333567144,TA0007:T1497.002
SIGNATURE:nolookup_communication,0.01804098671936054,TA0007:T1497.002
SYSTEM:DLL_LOADED:sspicli.dll,0.01696299831246885,TA0007:T1497.002
STRING:pppppp,0.016017082457205546,TA0007:T1497.002
STRING:setbkcolor,0.015999028408019582,TA0007:T1497.002
SIGNATURE:network_icmp,0.02535926462809559,TA0007:T1497.003
STRING:</html>,0.011790983299785795,TA0007:T1497.003
REG:READ:HKEY_LOCAL_M...rol\CMF\Config\SYSTEM,0.010044272140045031,TA0007:T1497.003
STRING:f9:t!v,0.009097302929790867,TA0007:T1497.003
API:NtDelayExecution,0.008818068219583789,TA0007:T1497.003
DROP:EXTENSION:exe,0.014301184110091009,TA0007:T1518
SIGNATURE:network_icmp,0.014259088307257832,TA0007:T1518
SIGNATURE:dead_host,0.01248473950302192,TA0007:T1518
SIGNATURE:packer_entropy,0.011597980332712629,TA0007:T1518
STRING:.reloc,0.011208916908572317,TA0007:T1518
STRING:.reloc,0.022348829134118217,TA0007:T1518.001
SIGNATURE:network_icmp,0.01769735548788995,TA0007:T1518.001
SIGNATURE:dead_host,0.014613090231300457,TA0007:T1518.001
SIGNATURE:packer_entropy,0.011506492663644563,TA0007:T1518.001
STRING:@.reloc,0.01042770024219789,TA0007:T1518.001
STRING:this program must be run under win32,0.026243075830672744,TA0007:T1614
STRING:virtualquery,0.025304676115065493,TA0007:T1614
STRING:p.rsrc,0.022022421611487757,TA0007:T1614
REG:OPENED:HKEY_CURRE...orland\Delphi\Locales,0.020432780115363983,TA0007:T1614
STRING:cryptstringtobinarya,0.019336857365659613,TA0007:T1614
STRING:p.rsrc,0.05188421119076371,TA0007:T1614.001
STRING:runtime error     at 00000000,0.036804562289489945,TA0007:T1614.001
STRING:this program must be run under win32,0.02943060093608413,TA0007:T1614.001
REG:OPENED:HKEY_CURRE...orland\Delphi\Locales,0.02491806577838361,TA0007:T1614.001
STRING:!this program ...t be run in dos mode.,0.01658649360805546,TA0007:T1614.001
API:GetSystemWindowsDirectoryW,0.01986676420217901,TA0007:T1622
API:DeviceIoControl,0.015423277538084177,TA0007:T1622
STRING:getmodulefilenamew,0.01425325898495112,TA0007:T1622
STRING:.reloc,0.013013047480803794,TA0007:T1622
SYSTEM:DLL_LOADED:iphlpapi,0.012620407619975292,TA0007:T1622
DROP:EXTENSION:exe,0.06874332390642206,TA0007:T1652
STRING:cryptstringtobinarya,0.046161537710057605,TA0007:T1652
SIGNATURE:persistence_autorun,0.038297808862679444,TA0007:T1652
API:NtProtectVirtualMemory,0.038258855616426904,TA0007:T1652
API:RegCreateKeyExA,0.037715752374618466,TA0007:T1652
SYSTEM:DLL_LOADED:advapi32.dll,0.11997602622644063,TA0008:T1021
SIGNATURE:dead_host,0.04059398312022529,TA0008:T1021
STRING:ssvwh ,0.03334367457216191,TA0008:T1021
STRING:pp9e u:ppvwp,0.02942020314156492,TA0008:T1021
STRING:cryptdecrypt,0.026266851003076686,TA0008:T1021
STRING:lstrcpya,0.11016667633623253,TA0008:T1021.001
STRING:lstrlena,0.06545913860110134,TA0008:T1021.001
STRING:@.data,0.06187660861045338,TA0008:T1021.001
SYSTEM:DLL_LOADED:crypt32.dll,0.051698805241564165,TA0008:T1021.001
SYSTEM:DLL_LOADED:c:\...ws\system32\imm32.dll,0.05152760832488204,TA0008:T1021.001
SYSTEM:DLL_LOADED:advapi32.dll,0.1556468144502169,TA0008:T1021.002
STRING:pp9e u:ppvwp,0.054666245325181245,TA0008:T1021.002
SIGNATURE:dead_host,0.04091286522510096,TA0008:T1021.002
STRING:ssvwh ,0.028718921709781808,TA0008:T1021.002
STRING:wwwpws,0.02630011628289939,TA0008:T1021.002
SYSTEM:DLL_LOADED:c:\...c71ed437a\gdiplus.dll,0.08310802094742932,TA0008:T1021.003
API:UuidCreate,0.08226825300041167,TA0008:T1021.003
SYSTEM:DLL_LOADED:c:\...\system32\uxtheme.dll,0.08073744171622438,TA0008:T1021.003
SIGNATURE:dead_host,0.0660214518003319,TA0008:T1021.003
SYSTEM:DLL_LOADED:dwmapi.dll,0.0633110205492491,TA0008:T1021.003
STRING:openmutexw,0.015261304073297663,TA0008:T1080
STRING:.data$r,0.014794697831446914,TA0008:T1080
SIGNATURE:dead_host,0.011647859628289911,TA0008:T1080
STRING:.rdata$r,0.010956400020745388,TA0008:T1080
STRING:      </requestedprivileges>,0.009979167401622167,TA0008:T1080
SIGNATURE:network_icmp,0.040006121259764875,TA0008:T1091
STRING:.reloc,0.03689615390156969,TA0008:T1091
SIGNATURE:antivm_disk_size,0.021695792020308278,TA0008:T1091
API:GetDiskFreeSpaceExW,0.018370116632655933,TA0008:T1091
SYSTEM:DLL_LOADED:crypt32.dll,0.015487640540234588,TA0008:T1091
SYSTEM:DLL_LOADED:advapi32.dll,0.15109901376597287,TA0008:T1210
STRING:pp9e u:ppvwp,0.057286687861892,TA0008:T1210
STRING:ssvwh ,0.0432147479508491,TA0008:T1210
SIGNATURE:dead_host,0.03403864054164177,TA0008:T1210
STRING:findfirstfileexa,0.025124183678909905,TA0008:T1210
SYSTEM:DLL_LOADED:advapi32.dll,0.143942546793633,TA0008:T1570
STRING:pp9e u:ppvwp,0.0399241153752549,TA0008:T1570
STRING:ssvwh ,0.03852638455807228,TA0008:T1570
SIGNATURE:dead_host,0.0382853873014353,TA0008:T1570
STRING:wwwpws,0.030283627044117484,TA0008:T1570
SIGNATURE:network_icmp,0.035563184203699215,TA0009:T1005
STRING:.reloc,0.022851255180071077,TA0009:T1005
STRING:setfilepointerex,0.013575851894628194,TA0009:T1005
STRING:@.reloc,0.013366311545573606,TA0009:T1005
SYSTEM:DLL_LOADED:netutils.dll,0.01271425185203086,TA0009:T1005
SIGNATURE:network_icmp,0.05182516507602846,TA0009:T1039
FILE:OPENED:\\?\pipe\wkssvc,0.02192305595765548,TA0009:T1039
SYSTEM:DLL_LOADED:netutils.dll,0.02037943961109864,TA0009:T1039
API:CreateProcessInternalW,0.02022701443621226,TA0009:T1039
SIGNATURE:persistence_autorun,0.016855988542658996,TA0009:T1039
API:FindResourceA,0.017894653942678466,TA0009:T1056
STRING:.reloc,0.012946337563417858,TA0009:T1056
API:LoadStringA,0.009818200984847454,TA0009:T1056
SIGNATURE:network_icmp,0.009813710716157319,TA0009:T1056
STRING:p.rsrc,0.009376911676277919,TA0009:T1056
STRING:this program must be run under win32,0.040248431285507695,TA0009:T1056.001
STRING:runtime error     at 00000000,0.03440626089495015,TA0009:T1056.001
STRING:p.rsrc,0.025624290198320163,TA0009:T1056.001
REG:OPENED:HKEY_CURRE...orland\Delphi\Locales,0.025098111843875708,TA0009:T1056.001
API:LoadStringA,0.02075813310930951,TA0009:T1056.001
FILE:OPENED:c:\window...\en-us\netmsg.dll.mui,0.08805897803330526,TA0009:T1056.002
REG:READ:HKEY_LOCAL_M...rol\CMF\Config\SYSTEM,0.04707135257832763,TA0009:T1056.002
STRING:removedirectoryw,0.04022163907395776,TA0009:T1056.002
SYSTEM:DLL_LOADED:version.dll,0.03531294155059619,TA0009:T1056.002
API:CoCreateInstance,0.03413040664566746,TA0009:T1056.002
REG:READ:HKEY_CURRENT...d\UseDoubleClickTimer,0.02539551011208931,TA0009:T1056.004
API:DeviceIoControl,0.014220576767793779,TA0009:T1056.004
REG:READ:HKEY_LOCAL_M...dows\LoadAppInit_DLLs,0.014120951492812894,TA0009:T1056.004
FILE:EXISTS:c:\progra...s\start menu\programs,0.013905951212374678,TA0009:T1056.004
STRING:lookup,0.013385664595370097,TA0009:T1056.004
SIGNATURE:network_icmp,0.0409660329404373,TA0009:T1074
DROP:TYPE:empty,0.02922499841759881,TA0009:T1074
SIGNATURE:dead_host,0.02006566244509424,TA0009:T1074
API:NtAllocateVirtualMemory,0.01609448445242502,TA0009:T1074
SYSTEM:DLL_LOADED:mpr.dll,0.01571550233319995,TA0009:T1074
STRING:this program must be run under win32,0.06841739895977286,TA0009:T1113
STRING:p.rsrc,0.05441788573740314,TA0009:T1113
STRING:accept,0.050943950500456935,TA0009:T1113
REG:OPENED:HKEY_CURRE...orland\Delphi\Locales,0.04129663820872749,TA0009:T1113
STRING:!this program ...t be run in dos mode.,0.031700381525240844,TA0009:T1113
DROP:TYPE:empty,0.04852428786968195,TA0009:T1114
SIGNATURE:persistence_autorun,0.017801536587916306,TA0009:T1114
SIGNATURE:has_authenticode,0.015432981097348081,TA0009:T1114
SIGNATURE:network_icmp,0.015167056837653842,TA0009:T1114
STRING:varfileinfo,0.011982313516467334,TA0009:T1114
STRING:getfiles,0.04934606797658191,TA0009:T1114.001
DROP:TYPE:ascii_text,0.043880798076290375,TA0009:T1114.001
API:UuidCreate,0.04285967352090063,TA0009:T1114.001
API:NtDelayExecution,0.041809501421472516,TA0009:T1114.001
FILE:OPENED:c:\window...rting\sortdefault.nls,0.03454691700347289,TA0009:T1114.001
DIRECTORY:CREATED:c:\users\administrator,0.026649985785379592,TA0009:T1115
DIRECTORY:CREATED:c:\...administrator\appdata,0.02188238914100178,TA0009:T1115
DIRECTORY:ENUMERATED:c:\windows\system32\*.*,0.021640154737122316,TA0009:T1115
DROP:EXTENSION:dll,0.01954866637980981,TA0009:T1115
STRING:oleinitialize,0.011881070711522756,TA0009:T1115
SIGNATURE:network_icmp,0.0361903606279517,TA0009:T1119
DROP:EXTENSION:log,0.028231509020057412,TA0009:T1119
"DROP:TYPE:pe32_execut...80386,_for_ms_windows",0.02360549174402217,TA0009:T1119
"DROP:TYPE:pe32_execut...80386,_for_ms_windows",0.02284225664847335,TA0009:T1119
DROP:EXTENSION:dll,0.02213981772028723,TA0009:T1119
DROP:EXTENSION:dll,0.06607969158910447,TA0009:T1125
DIRECTORY:CREATED:c:\users,0.059649787872468954,TA0009:T1125
REG:OPENED:HKEY_LOCAL...E0B9FA8E}\PropertyBag,0.04994709874851408,TA0009:T1125
DIRECTORY:CREATED:c:\...administrator\appdata,0.049519967967201955,TA0009:T1125
DIRECTORY:CREATED:c:\users\administrator,0.041298780764407905,TA0009:T1125
FILE:WRITTEN:\\?\pipe\wkssvc,0.03286828720580017,TA0009:T1185
FILE:READ:\\?\pipe\wkssvc,0.02555548183674301,TA0009:T1185
FILE:OPENED:\\?\pipe\wkssvc,0.019686670095220297,TA0009:T1185
SIGNATURE:network_icmp,0.018800899217744332,TA0009:T1185
API:CreateProcessInternalW,0.016549611126653173,TA0009:T1185
STRING:programfilesdir,0.03836548466342079,TA0009:T1213
STRING:eabort,0.03302255065816925,TA0009:T1213
STRING:lookup,0.025521831690584917,TA0009:T1213
STRING:kernel32.dll,0.025440611890968457,TA0009:T1213
STRING:user32,0.02522307401117764,TA0009:T1213
FILE:WRITTEN:\\?\pipe\wkssvc,0.018490373196579403,TA0009:T1560
SIGNATURE:dead_host,0.014455638640611598,TA0009:T1560
DROP:TYPE:empty,0.014081460957971732,TA0009:T1560
API:CreateProcessInternalW,0.014016214176834954,TA0009:T1560
FILE:READ:\\?\pipe\wkssvc,0.013033753190540877,TA0009:T1560
SIGNATURE:packer_entropy,0.30109996570357156,TA0009:T1560.002
STRING:`.rsrc,0.16042484972188462,TA0009:T1560.002
STRING:@.reloc,0.05935769397925454,TA0009:T1560.002
STRING:user32,0.03306832233278424,TA0009:T1560.002
STRING:@.data,0.03213902785969374,TA0009:T1560.002
STRING:operator,0.07927112462399903,TA0010:T1048
STRING:mscoree.dll,0.051831346531023496,TA0010:T1048
STRING:lookup,0.046811203721385974,TA0010:T1048
STRING:translation,0.03629033141227984,TA0010:T1048
API:LoadStringA,0.03125234413641966,TA0010:T1048
SIGNATURE:network_icmp,0.06625057787067905,TA0011:T1001
DROP:TYPE:empty,0.06517287734320458,TA0011:T1001
STRING:ntdll.dll,0.0588039450241647,TA0011:T1001
STRING:wow64disablewow64fsredirection,0.03841415542625641,TA0011:T1001
SYSTEM:DLL_LOADED:mpr.dll,0.03056375560873437,TA0011:T1001
SIGNATURE:has_authenticode,0.07361044787805184,TA0011:T1043
REG:READ:HKEY_LOCAL_M...Reporting\WMR\Disable,0.05112586313241056,TA0011:T1043
API:GetTempPathW,0.036999780018457495,TA0011:T1043
STRING:showwindow,0.03604330338356159,TA0011:T1043
SIGNATURE:network_icmp,0.03573906665845815,TA0011:T1043
SIGNATURE:network_icmp,0.013890020151087146,TA0011:T1071
SIGNATURE:dead_host,0.01143889722641957,TA0011:T1071
SIGNATURE:packer_entropy,0.010225704235439372,TA0011:T1071
SIGNATURE:persistence_autorun,0.009089408152253304,TA0011:T1071
DROP:EXTENSION:exe,0.008404800757386451,TA0011:T1071
SIGNATURE:dead_host,0.02484813592578568,TA0011:T1071.001
STRING:openmutexw,0.016115065821470747,TA0011:T1071.001
SIGNATURE:persistence_autorun,0.01598703309387223,TA0011:T1071.001
STRING:cryptdecrypt,0.012418878104736282,TA0011:T1071.001
SYSTEM:DLL_LOADED:mpr.dll,0.012233035590032486,TA0011:T1071.001
DROP:TYPE:empty,0.013837992503162403,TA0011:T1090
SIGNATURE:dead_host,0.01200458054786187,TA0011:T1090
SIGNATURE:antivm_disk_size,0.01109027705262525,TA0011:T1090
STRING:openmutexw,0.011088319824505456,TA0011:T1090
SIGNATURE:network_icmp,0.010817327599453265,TA0011:T1090
API:FindResourceExW,0.02949024273438042,TA0011:T1090.003
SIGNATURE:allocates_execute_remote_process,0.023754788666139812,TA0011:T1090.003
API:GlobalMemoryStatus,0.023042238648062232,TA0011:T1090.003
STRING:!this program ...t be run in dos mode.,0.018896942663702978,TA0011:T1090.003
STRING:loadresource,0.018422408579643366,TA0011:T1090.003
API:UuidCreate,0.011435386441398585,TA0011:T1095
DROP:TYPE:empty,0.011143083757763619,TA0011:T1095
SIGNATURE:packer_entropy,0.010349048207568223,TA0011:T1095
SIGNATURE:network_icmp,0.010223312501757757,TA0011:T1095
SIGNATURE:dead_host,0.010002398843850574,TA0011:T1095
API:NtWriteFile,0.17338953851438985,TA0011:T1102
API:NtGetContextThread,0.05782664561809279,TA0011:T1102
API:NtSetContextThread,0.057295038035834224,TA0011:T1102
SIGNATURE:network_icmp,0.05288563655771331,TA0011:T1102
SIGNATURE:has_authenticode,0.0510747027737353,TA0011:T1102
REG:READ:HKEY_LOCAL_M...dows\LoadAppInit_DLLs,0.01290032976210118,TA0011:T1105
DROP:TYPE:empty,0.012193330343720056,TA0011:T1105
STRING:initializearray,0.01185589808897448,TA0011:T1105
SIGNATURE:network_icmp,0.011167246303143539,TA0011:T1105
SIGNATURE:packer_entropy,0.009709981741483976,TA0011:T1105
SYSTEM:DLL_LOADED:crypt32.dll,0.05964707390564724,TA0011:T1219
STRING:lstrcpya,0.044965570977021196,TA0011:T1219
REG:READ:HKEY_LOCAL_M...orSystemHeapIsPrivate,0.043101450429608196,TA0011:T1219
REG:READ:HKEY_LOCAL_M...dows\LoadAppInit_DLLs,0.033672926009916115,TA0011:T1219
API:SHGetFolderPathW,0.032055941603795324,TA0011:T1219
SIGNATURE:nolookup_communication,0.03569892424920094,TA0011:T1571
SIGNATURE:packer_entropy,0.01808467702525081,TA0011:T1571
SIGNATURE:dead_host,0.01415231873366986,TA0011:T1571
STRING:kernel32.dll,0.012673664257040036,TA0011:T1571
REG:READ:HKEY_LOCAL_M...orSystemHeapIsPrivate,0.012464489086824593,TA0011:T1571
SIGNATURE:packer_entropy,0.014627999777910756,TA0011:T1573
REG:READ:HKEY_LOCAL_M...dows\LoadAppInit_DLLs,0.010528156799962005,TA0011:T1573
SIGNATURE:persistence_autorun,0.010226222842492494,TA0011:T1573
DROP:TYPE:empty,0.009930156261855231,TA0011:T1573
SIGNATURE:injection_modifies_memory,0.009182743503770817,TA0011:T1573
SIGNATURE:network_icmp,0.026127448354485886,TA0040:T1485
DROP:EXTENSION:ini,0.022434204653412056,TA0040:T1485
FILE:OPENED:c:\progra...cessories\wordpad.exe,0.016664755813459352,TA0040:T1485
FILE:FAILED:\device\n...de-9d20-806e6f6e6963},0.01514664278304897,TA0040:T1485
DROP:EXTENSION:exe,0.011229836764992833,TA0040:T1485
SIGNATURE:network_icmp,0.014860226412019699,TA0040:T1486
DROP:EXTENSION:exe,0.013380484624318636,TA0040:T1486
SIGNATURE:dead_host,0.013084393643424574,TA0040:T1486
API:OpenSCManagerW,0.012207429615789902,TA0040:T1486
SIGNATURE:antivm_disk_size,0.01050948411591568,TA0040:T1486
STRING:</html>,0.02589304003501583,TA0040:T1489
STRING:ntdll.dll,0.02539977848152261,TA0040:T1489
STRING:setservicestatus,0.01571470919192665,TA0040:T1489
SIGNATURE:network_icmp,0.015538409694324885,TA0040:T1489
REG:OPENED:HKEY_LOCAL...trolSet\Services\LDAP,0.013527081565153714,TA0040:T1489
SIGNATURE:console_output,0.019092904513188038,TA0040:T1490
STRING:</html>,0.015280018072142066,TA0040:T1490
SIGNATURE:network_icmp,0.012991263513552079,TA0040:T1490
API:WriteConsoleW,0.012123186121297156,TA0040:T1490
SIGNATURE:injection_modifies_memory,0.011751685610184155,TA0040:T1490
STRING:desktop.ini,0.046706047607391346,TA0040:T1491
STRING:cryptdecrypt,0.046193056202146116,TA0040:T1491
REG:READ:HKEY_LOCAL_M...dows\LoadAppInit_DLLs,0.035634967279465544,TA0040:T1491
STRING:drawtexta,0.03229410925871876,TA0040:T1491
DIRECTORY:ENUMERATED:c:\perflogs\admin\*.*,0.029825858723831793,TA0040:T1491
API:NtQueryDirectoryFile,0.030913706502544616,TA0040:T1496
STRING:sendmessagea,0.026521644177312988,TA0040:T1496
STRING:createwindowexa,0.022952468192878377,TA0040:T1496
DROP:TYPE:ascii_text,0.01905448252991476,TA0040:T1496
STRING:wuser32.dll,0.01895730738755095,TA0040:T1496
SIGNATURE:network_icmp,0.04933884375252144,TA0040:T1499
SIGNATURE:dead_host,0.02805425530672166,TA0040:T1499
STRING:.reloc,0.018733472302258507,TA0040:T1499
API:OpenServiceW,0.01568718343040663,TA0040:T1499
API:GetFileVersionInfoW,0.01512410583321999,TA0040:T1499
SIGNATURE:network_icmp,0.04877089653916759,TA0040:T1499.001
SIGNATURE:dead_host,0.027206277374085555,TA0040:T1499.001
STRING:a_a^a]a\_^],0.022526511525239132,TA0040:T1499.001
SYSTEM:DLL_LOADED:urlmon.dll,0.015212229745299202,TA0040:T1499.001
STRING:findfirstfileexa,0.014783004379250375,TA0040:T1499.001
DIRECTORY:CREATED:c:\...administrator\appdata,0.048693066938457596,TA0040:T1529
DIRECTORY:CREATED:c:\users,0.02641430858107546,TA0040:T1529
DIRECTORY:CREATED:c:\users\administrator,0.02527927957856302,TA0040:T1529
STRING:.reloc,0.023108725366488617,TA0040:T1529
STRING:imagelist_create,0.01997814129783182,TA0040:T1529
FILE:OPENED:c:\window...\en-us\netmsg.dll.mui,0.20084600803246602,TA0040:T1531
SYSTEM:DLL_LOADED:comctl32.dll,0.033429141659033046,TA0040:T1531
REG:READ:HKEY_LOCAL_M...rol\CMF\Config\SYSTEM,0.02687314474607026,TA0040:T1531
STRING:iphlpapi.dll,0.026735662170445776,TA0040:T1531
REG:READ:HKEY_CURRENT...and Processor\AutoRun,0.026579278552435828,TA0040:T1531
API:Process32NextW,0.0968136557386686,TA0040:T1565
SIGNATURE:injection_process_search,0.08513569413905424,TA0040:T1565
REG:READ:HKEY_LOCAL_M...dows\LoadAppInit_DLLs,0.06442741794401874,TA0040:T1565
API:CreateToolhelp32Snapshot,0.04044926436337867,TA0040:T1565
API:NtOpenProcess,0.040050202434152964,TA0040:T1565
API:GetDiskFreeSpaceExW,0.10904340035346745,TA0043:T1590
STRING:lstrcata,0.0684364129093294,TA0043:T1590
SYSTEM:DLL_LOADED:version.dll,0.052571074979861444,TA0043:T1590
SIGNATURE:antivm_disk_size,0.034674484098086183,TA0043:T1590
API:GetSystemWindowsDirectoryW,0.029846274378293184,TA0043:T1590
API:GetDiskFreeSpaceExW,0.07972440895931633,TA0043:T1590.005
STRING:lstrcata,0.047857807912547845,TA0043:T1590.005
SYSTEM:DLL_LOADED:crypt32.dll,0.041245517936132785,TA0043:T1590.005
SYSTEM:DLL_LOADED:version.dll,0.040389617558904065,TA0043:T1590.005
REG:READ:HKEY_LOCAL_M...-500\ProfileImagePath,0.04009326533235511,TA0043:T1590.005
STRING:contains,0.24035468008945415,TA0043:T1592
STRING:concat,0.1247720330952741,TA0043:T1592
SIGNATURE:packer_entropy,0.09497733058110064,TA0043:T1592
STRING:dispose,0.08799430449620851,TA0043:T1592
STRING:readfile,0.08239749752411131,TA0043:T1592
SYSTEM:DLL_LOADED:dwmapi.dll,0.11817186572546869,TA0043:T1595
SYSTEM:DLL_LOADED:c:\...\system32\uxtheme.dll,0.09972377240955838,TA0043:T1595
API:UuidCreate,0.08062733157392153,TA0043:T1595
SIGNATURE:dead_host,0.06323957988288519,TA0043:T1595
SYSTEM:DLL_LOADED:c:\...c71ed437a\gdiplus.dll,0.03831733777031332,TA0043:T1595
